ID,Fixed_Cost,MC_a,MC_b,Max_Capacity,Supply,Production,Revenue,Cost,Profit,Producer_Surplus
0,555.3009963309352,8.819983563017917,0.5028744822934818,138.35355587821897,21.66657895879138,17.42171264720425,339.74863185301626,785.2754591960828,-445.52682734306654,109.77416898786862
1,528.6648602029856,10.139309644468446,0.3640143859020081,122.38760698081663,26.307321815848336,21.153251838462065,412.51905119173733,824.5851806670203,-412.06612947528293,116.59873072770256
2,596.8226271711613,16.48976416991638,0.46922217650469994,106.57450982991817,6.8747583375192125,5.527871497527472,107.80150128613383,695.1450207833265,-587.3435194971926,9.479107673968741
3,537.4075525566133,14.732359839290423,0.4904704467613048,108.37064577311017,10.160027854085376,8.169498567268992,159.31705552497604,674.1307173068273,-514.8136617818512,22.59389077476206
4,591.1844764574809,10.559827369469074,0.4553566385449472,105.82269978694923,20.106714376182666,16.16745314557981,315.2887547849639,821.4220390629501,-506.13328427798626,85.05119217949459
5,661.0447624789658,6.920454101766819,0.5132969674146876,78.9963755518248,24.927283717784224,20.04358763017173,390.878991789001,902.862839760634,-511.98384797163294,149.06091450733285
6,679.2569943387264,5.430439285648676,0.44410781527284116,111.31635625193563,32.165869329649446,25.864006199340146,504.3855847245811,968.2521643325124,-463.86657960793127,215.390414730795
7,734.828604385151,9.802749216781036,0.44448004733068014,156.4347120832177,22.302022515388877,17.93266156385669,349.712875833777,982.0860132491069,-632.3731374153299,102.45546696982103
8,282.7979149375634,3.403582130139754,0.5440014450053332,84.93837326942166,29.985161362377095,24.110537520895534,470.19040560743076,522.9790309122178,-52.78862530478705,230.00928963277633
9,346.815077430393,12.12506934189806,0.5243800713771198,83.07764107789815,14.475157071013191,11.63921759378694,226.98160240653797,523.4606454218814,-296.47904301534345,50.33603441504951
10,307.95434019936584,12.617371984840434,0.5650201177958661,97.02472408661852,12.562705347272287,10.101449012690965,196.99288762781313,464.23520076507936,-267.24231313726625,40.71202706209965
11,776.9955494071498,6.789745701021542,0.34744748290752614,79.24275790356266,37.20219076219259,29.913623121494858,583.3589805492262,1135.5537639829233,-552.1947834336971,224.80076597345277
12,493.16209754667534,10.730018347968075,0.475876394214367,110.5616618954289,18.882077365609373,15.182744201176654,296.0855040248793,710.9217165712301,-414.83621254635085,78.32588500032449
13,312.2690863714334,14.331293812219778,0.4917848821607431,133.51887494764384,10.94840370878119,8.803417637955114,171.6793956308271,457.4901551375703,-285.81075950674324,26.45832686469015
14,551.4088019566557,11.370259657461352,0.5569767280232204,113.43125680051945,14.983199768773302,12.0477257348147,234.94810287784912,728.8165160701765,-493.86841319232735,57.54038876432827
15,596.4084139801316,13.987457590397295,0.519652116970147,121.27011272765537,11.022942969984573,8.863353338560644,172.84822860909048,740.7958766599326,-567.9476480508421,28.460765929289465
16,486.53964585691597,14.320351646348419,0.432360769794073,154.02821298732448,12.478471615757861,10.033718160098262,195.6720378945751,651.9900865947153,-456.3180487001402,30.221597156775687
17,493.97630740334847,5.707674693645855,0.5128104414910789,79.56845027575358,27.315899624849603,21.964231403080284,428.3343274001881,743.0379148123413,-314.70358741215324,179.2727199911953
18,626.0965323483086,8.042128062092827,0.45538165667852204,43.31377807163407,25.634377245324657,20.61214902027106,401.96676245325295,888.5989562093353,-486.6321937560823,139.46433859222628
19,432.1540521126385,2.7283620201131296,0.34160971765142767,122.81243968432892,49.72689692982116,39.984517666411215,779.7560117974953,814.3225499455033,-34.56653814800802,397.5875139646304
20,617.8700237976249,11.276372685354895,0.4033023856870787,98.5686593157406,20.925193735858585,16.82557791179519,328.12314101542114,864.6889782036815,-536.5658371882603,81.3041866093645
21,499.45961913641474,6.524905932422372,0.650339830176715,126.32086871727014,20.282699437283966,16.308959618315484,318.0483359744749,692.363444129817,-374.3151081553421,125.14451098107264
22,466.8553739255504,10.080657516983592,0.5208382807947552,38.747953947271284,18.498824065514825,14.874577006067582,290.07579734216176,674.4194172097414,-384.3436198675796,82.51175405797076
23,462.92339262191047,7.9540472560066044,0.3998379990105084,91.56699121342135,29.41567838247225,23.652626336474324,461.26047422997425,762.9015312913438,-301.6410570613695,161.2823355605409
24,769.6529790274284,11.922528583801029,0.4428821010217203,117.17748344068475,17.59616078006222,14.148761435171666,275.92134237076283,982.671710923818,-706.7503685530551,62.902610474373176
25,709.9033154879003,12.773901048738306,0.5059630369920174,80.59189666883279,13.719682434751041,11.031753810499183,215.1351787252593,881.609594676033,-666.4744159507737,43.42889953712657
26,604.7334970420385,11.18045615626525,0.5895193220027732,119.05515405045908,14.478061643050909,11.641553108752198,227.02714833133808,774.8388978813733,-547.8117495500353,56.92174749200325
27,657.4329072979003,8.394294365318295,0.6317394065634325,105.92798814077199,17.920773592799332,14.409776852320022,281.01152108421604,843.9805282898192,-562.9690072056031,94.46390009229722
28,811.2891308937899,7.932436545731297,0.6735963803165249,105.93732350387944,17.492844437083765,14.065686592458654,274.3012626045132,989.4976432371735,-715.1963806326603,96.09275026112954
29,402.2872994578328,8.548342497837035,0.46796526918056797,112.7249783920575,23.863332340257475,19.18808315920184,374.1954154126681,652.461925805013,-278.2665103923449,124.02078906548789
30,578.425323205325,8.278899988184262,0.4975645407739017,164.2681107583559,22.98526585921573,18.48204544337481,360.42665726320126,816.4168705586495,-455.99021329544826,122.4351099098767
31,759.1314755151068,11.308971009022097,0.50380034781682,103.60093980154784,16.686336695475017,13.41718799243615,261.65460055825343,956.2133700313004,-694.558769473047,64.57270604205982
32,592.0276959095625,6.931622304404783,0.4742623462576655,49.94247778367232,26.955399340601918,21.67435950529043,422.6814055158092,853.6651447334732,-430.983739217664,161.04395669189842
33,559.8834683907919,11.941587819108223,0.4516813537700626,147.219602898701,17.21117189362713,13.839198685805655,269.88442035858407,768.3992537154575,-498.5148333568734,61.36863503391851
34,316.1351505496488,5.606875359370539,0.5224451818559972,131.41294907836465,27.005087558658445,21.714312921959433,423.4605550131077,561.0540224349373,-137.59346742182964,178.5416831278191
35,752.5891537186803,8.62334721139318,0.6078680833431296,98.84474591497879,18.24771908995996,14.672667939725338,286.1382780845757,944.5497679762988,-658.411489891723,94.17766382695731
36,474.1059050088771,12.650979812460017,0.5652322878413419,52.708235290472516,12.49853127554163,10.049847777478938,195.98658879713958,629.7903987300629,-433.8038099329233,40.30209507595373
37,721.4810524588844,14.140274062442355,0.43744372984904706,111.87410600312228,12.745134510151829,10.248137073607376,199.85351729234384,889.3636330158108,-689.5101157234669,31.970936735417354
38,574.1045279424109,10.782021297471722,0.444969484615458,79.85129896185845,20.076729419410864,16.143342772566577,314.81856758749416,806.1435895409777,-491.32502195348354,82.77950598892733
39,496.1668893512832,13.518187057778094,0.5543600154594432,88.88157003741682,11.179316706448645,8.989090692271546,175.30028913615658,640.0802832668634,-464.77999413070677,31.386895220576463
40,615.7548065972517,1.4543721381097736,0.6148765700372103,47.80858663665701,29.69893795233749,23.88039034297248,465.7022022713059,825.8095472708375,-360.10734499953156,255.64746159772014
41,445.63385878953017,6.640990316121568,0.3705318524279094,134.82480362135558,35.28593517183032,28.37279591857622,553.3106182145665,783.1992728868833,-229.88865467231676,215.7452041172134
42,429.8448198032163,11.039511645192148,0.49530794211208157,114.31122481669364,17.516459675172253,14.084675187421222,274.67156771113423,634.4618736311776,-359.79030592004335,70.05451388317297
43,511.5232836590383,6.151023327434292,0.599626681944714,85.18730250516063,22.621624955987773,18.189648229451162,354.7244880563102,722.6054664272021,-367.88097837089197,143.6423052881463
44,266.51271520103734,8.715654517102262,0.6500759790634311,125.50665226340479,16.920943208417494,13.605830937010841,265.3334112254849,445.26702616951894,-179.93361494403405,86.57910025700329
45,447.7021798388211,8.952226887044713,0.46783649487826173,162.30243950682524,23.00659839661942,18.499198559120018,360.76116786640455,693.3627864539394,-332.60161858753486,115.10056125128622
46,557.2903178347331,11.29012494157321,0.6030283454031842,107.16367477079541,13.971861128326456,11.234526234497183,219.0895347077003,722.1850072668151,-503.0954725591148,54.194845275618206
47,461.14367812689454,9.410950452745066,0.4928398740585936,98.88333290470476,20.908622312529854,16.81225312360701,327.8632883448864,689.0140116052107,-361.1507232603243,99.99295486657024
48,609.1444315455469,10.155837657421898,0.5732640077215579,97.57850259674252,16.675938928320722,13.408827331905515,261.491555567546,796.8577793012205,-535.3662237336745,73.77820781187248
49,511.7952785474136,4.0053979464036775,0.5916327674702482,110.39465427693978,26.553896534098456,21.351518205090095,416.38553252847043,732.1755469700444,-315.79001444157393,196.0052641058397
50,649.7015164789478,1.3112338654189326,0.7088374704780728,95.81231115534479,25.96408928856332,20.877264638410487,407.13690102514533,831.5535061952012,-424.41660517005585,225.2849113088919
51,666.2274225106274,6.880282218623408,0.5612773905062569,68.39753310479031,22.867963752807693,18.38772489583293,358.5872699634616,887.6264669161877,-529.0391969527261,137.18822555790132
52,406.43465589562925,15.742094061600358,0.4809317599236653,106.52298619539168,8.262002033347303,6.643329599442366,129.55455000696458,521.6272551584852,-392.07270515152067,14.36195074410864
53,630.5101596033131,11.487045663917813,0.5150418905143577,110.94883007398676,15.976385081717506,12.846328465797145,250.52201290264276,820.5747277864327,-570.05271488379,60.457444719523295
54,860.5123377857412,9.827143608899243,0.5201099046714968,131.51963188022836,19.012154051050594,15.28733656161195,298.12520655469183,1071.518723459748,-773.393516905056,87.11882088068506
55,665.8288899436976,13.56109091668114,0.5638730222029185,65.70985261808549,10.914624535974093,8.776256402984666,171.14971220603883,806.5600056069492,-635.4102934009104,30.418596542787242
56,745.0147298451644,6.560963820943936,0.5302635465239033,77.37172449941926,24.807644246489907,19.947387648895624,389.002952809097,981.3842934994626,-592.3813406903656,152.6333891547988
57,490.3792480110511,10.986287230910442,0.5321357215450273,112.65762262705854,16.404209782676464,13.190334735437547,257.2306334513775,681.5838523333568,-424.35321888197933,66.02602912907179
58,742.056690358797,11.36060290454194,0.4755843364709351,128.92261504865073,17.567757587322564,14.125922930619813,275.4759584505829,949.9851446071565,-674.5091861565736,67.54750420222342
59,678.420573338696,6.317176554589023,0.5597400069849858,121.03518226932695,23.936785861656922,19.24714583564838,375.3472231552616,903.6867685964871,-528.3395454412255,150.08102789747048
